name_impl, target, time_ms
H - raw, 0, 0.181792
H - raw, 1, 0.177743
H - raw, 2, 0.184168
H - raw, 3, 0.180011
H - raw, 4, 0.18533
H - raw, 5, 0.1843
H - raw, 6, 0.176766
H - raw, 7, 0.191335
H - raw, 8, 0.155071
H - raw, 9, 0.153176
H - raw, 10, 0.149144
H - raw, 11, 0.149196
H - raw, 12, 0.152717
H - raw, 13, 0.151478
H - raw, 14, 0.149994
H - raw, 15, 0.150514
H - raw, 16, 0.150745
H - raw, 17, 0.15126
H - raw, 18, 0.150546
H - raw, 19, 0.150965
H - raw, 20, 0.150639
H - raw, 21, 0.152294
H - raw, 22, 0.152693
H - raw, 23, 0.151642
H - raw, 24, 0.15074
H - raw, 25, 0.153909
H - raw, 26, 0.150845
